build,commit,commit_at,build_started,build_finished,deployed_at,build_result,change_failed
4,417bbef801d6ab54eea0bc9b64361c09ce531477,2026-09-28T08:47:41Z,2026-09-28T08:49:30.6420000+00:00,2026-09-28T08:52:42.5160000+00:00,9/28/2026 5:52:33 AM,SUCCESS,false
5,63d551251db61aa73feacb51af53564d04da3672,2026-09-28T08:53:06Z,2026-09-28T08:53:15.6540000+00:00,2026-09-28T08:54:45.5200000+00:00,9/28/2026 5:54:35 AM,SUCCESS,false
6,417bbef801d6ab54eea0bc9b64361c09ce531477,2026-09-28T08:47:41Z,2026-09-28T08:54:55.6580000+00:00,2026-09-28T09:01:01.9110000+00:00,9/28/2026 6:00:54 AM,SUCCESS,false
7,63d551251db61aa73feacb51af53564d04da3672,2026-09-28T08:53:06Z,2026-09-28T09:01:15.6720000+00:00,2026-09-28T09:02:19.2670000+00:00,9/28/2026 6:02:05 AM,SUCCESS,false
8,63d551251db61aa73feacb51af53564d04da3672,2026-09-28T08:53:06Z,2026-09-28T09:02:35.6750000+00:00,2026-09-28T09:03:33.2930000+00:00,9/28/2026 6:03:25 AM,SUCCESS,false
9,63d551251db61aa73feacb51af53564d04da3672,2026-09-28T08:53:06Z,2026-09-28T09:03:45.6770000+00:00,2026-09-28T09:04:41.1320000+00:00,9/28/2026 6:04:33 AM,SUCCESS,false
10,78ecf6e52036bcb214f2c4a291aa80fcdc9c59b3,2026-09-28T09:04:55Z,2026-09-28T09:04:55.6800000+00:00,2026-09-28T09:06:01.7050000+00:00,9/28/2026 6:05:53 AM,SUCCESS,false
11,78ecf6e52036bcb214f2c4a291aa80fcdc9c59b3,2026-09-28T09:04:55Z,2026-09-28T09:06:15.6850000+00:00,2026-09-28T09:07:13.8820000+00:00,9/28/2026 6:07:05 AM,SUCCESS,false
12,78ecf6e52036bcb214f2c4a291aa80fcdc9c59b3,2026-09-28T09:04:55Z,2026-09-28T09:07:25.6870000+00:00,2026-09-28T09:08:22.6160000+00:00,9/28/2026 6:08:14 AM,SUCCESS,false
13,78ecf6e52036bcb214f2c4a291aa80fcdc9c59b3,2026-09-28T09:04:55Z,2026-09-28T09:08:35.6900000+00:00,2026-09-28T09:09:25.7280000+00:00,9/28/2026 6:09:14 AM,SUCCESS,false
